text,label
"The Tekla Structures product box , if needed , is now made from recycled material .",neutral
`` Our design team has long admired Marimekko 's vivid patterns and colors .,positive
"The item included restructuring costs of EUR1 .6 m , while a year earlier they were EUR13 .1 m. Diluted EPS stood at EUR0 .3 versus a loss per share of EUR 0.1 .",positive
"Moreover , Konecranes and Kito intend to transfer the hoist distribution business of Konecranes ' Japanese joint venture MHS Konecranes to Kito .",neutral
Operating profit fell from EUR 7.9 mn in the second quarter of 2005 to EUR 5.1 mn in the second quarter of 2006 .,negative
"For example , net sales increased by 5.9 % from the first quarter , and EBITDA increased from a negative EUR 0.2 mn in the first quarter of 2009 .",positive
The plant is expected to start production in the first half of 2007 .,neutral
"The Annual Report contains the financial statements , the consolidated financial statements , the report by the Board of Directors and the auditor 's report .",neutral
"Apart from Nordea , also Ergo is competing for the position among the top three pension funds providers in Estonia .",neutral
It is hand-painted resin with real 14-0 trebles and is 75cm long by 25cm deep from top to bottom of the middle hook .,neutral
ABB Deutsche Bank upgraded its recommendation on Swiss-Swedish engineering group ABB Ltd. to ` Buy ' from ` Hold ' .,positive
"Operating profit excluding non-recurring items decreased to EUR 6.2 mn from EUR 16.8 mn in 2007 , representing 2.3 % of net sales .",negative
Operating profit rose to EUR 3.2 mn from EUR 1.0 mn in the corresponding period in 2008 .,positive
Her last position in Nokia Siemens Networks was head of Business Human Resources NSN global IT .,neutral
"For the last quarter of 2010 , Componenta 's net sales doubled to EUR131m from EUR76m for the same period a year earlier , while it moved to a zero pre-tax profit from a pre-tax loss of EUR7m .",positive
Sales of mid-strength beer decreased by 40 % .,negative
F-Secure Online Backup automatically protects all the content stored on a computer or smartphone by making a copy of the content to an online location .,neutral
"Under the agreement , Larox will transfer 10 employees within engineering and documentation related to delivery projects and product maintenance in Finland to Etteplan as of January 1 , 2007 .",neutral
The total value of the contract is some EUR 8 million .,neutral
"It started with software that was capable of retrieving the data typed into the computer keyboard ( `` keyloggers '' ) , and then more complex mechanisms arrived on the scene , such as phishing and pharming .",neutral
"With the new arrangement , customer responsibilities will become mainly regional .",neutral
"Upon completion of these transactions , Metso 's stake will amount to more than 60 % .",neutral
No changes in media activity were seen in October compared with September .,neutral
"The transaction doubles Tecnomens workforse , and adds a fourth to their net sales .",positive
According to Deputy MD Pekka Silvennoinen the aim is double turnover over the next three years .,positive
"Finnish Suominen Corporation that makes wipes , nonwovens , and flexible packaging , expects changes in the market situation to reduce sales of Suominen 's nonwovens and wet wipes from the previously estimated volumes .",negative
"Viking Line 's cargo revenue increased by 5.4 % to EUR 21.46 mn , and cargo volume increased by 2.4 % to 70,116 cargo units .",positive
The value of the orders is over EUR 10mn .,neutral
The group reiterated its forecast that handset manufacturers will sell around 915 mln units this year globally .,neutral
The costs of the new ropax vessels are 30 % lower than those of the present ones .,positive
"The gross area of the Innova 2 project will be about 10,000 sq m ( 107,600 sq ft ) .",neutral
As a part of the agreement 10 employees from the John Deere Forestry documentation functions will transfer to DokuMentori Oy .,neutral
"`` Last year , Finnair recorded a 32.6-percent growth on the Asian sector , carrying more than 1.10 million passengers between the two continents . ''",positive
"The mall will be financed on a parity basis by Pearl Plaza LLC , the joint venture company established by the Chinese investor Shanghai Industrial Investment Holdings Co Ltd , and SRV Group .",neutral
The category was marked by maturity and the recession .,neutral
In 2007 Etteplan reported a turnover of EUR125 .2 m.,neutral
"Our customers come from the following countries : UK , USA , Spain , France , Italy , Germany , China , Sweden , Norway , Netherlands , Austria , Belgium , Switzerland , Czech Republic , Serbia , Finland , Canada , Russia , Ukraine , Portugal , Denmark , Ireland , South Korea , Estonia and Liechtenstein .",neutral
AffectoGenimap builds highly customised IT solutions for its customers in Finland and the Baltic countries .,neutral
"The offer price is $ 35 million , including cash of $ 10 million as net debt assumption of FACE , and $ 20 million worth of Cencorp shares to be issued to Savcor .",neutral
"The company is involved in the the sale of financial products including insurance , mortgages , car and personal loans , financial brokerage and equipment finance leasing .",neutral
Bovine slaughtering and cutting at the Kuopio facility will be transferred to the Kauhajoki slaughterhouse .,neutral
With this appointment Kaupthing Bank aims to further co-ordinate Capital Markets activities within the Group and to improve the overall service to clients .,positive
Europe needs 17 new large paper machines .,neutral
"The EB Tough VoIP Field Phone is equipped with an integrated speaker , Ethernet and SHDSL connectivity , and enables several innovative applications .",neutral
The company 's model is based on developer contracting construction projects and customer focused project management .,neutral
"The estimated value of the contract is EUR12 .4 m. Vaisala , headquartered in Helsinki in Finland , develops and manufactures electronic measurement systems for meteorology , environmental sciences , traffic and industry .",neutral
"`` With this agreement , we can continue our good cooperationand at the same time release capital that has been tied up in ourmachinery operation .",positive
The contract includes an option to deliver an additional 75 ASCs in the next phases of the project .,neutral
"In Finland , snow storms brought trees down on power lines , cutting off electricity for some 2,000 households .",negative
Net loss in the same period in 2009 was euro18 .6 million .,neutral
A broad range of connectivity options including 3G - HSPA and Wi-Fi gives consumers high speed access to the Internet .,neutral
This acquisition supports our strategy of being close to our customers all around the world offering both equipment and related services .,positive
The divested activities had net sales of EUR 145.1 million in 2009 and an operating profit of EUR 8.9 million .,neutral
Shuweihat 2 got under way in July 2008 when the project was awarded to desalination and power contractors .,neutral
In July it and Quadriga Capital sold their Lewa GmbH pump-making business to Japan 's Nikkiso Co. .,neutral
"On Dec. 1 , Grimaldi acquired 1.5 million shares and a 50.1-percent stake in Finnlines .",neutral
"By implementing the software the Finnish Army aims to unify and improve its operations in these application areas , QPR Software stated .",positive
Earnings per share ( EPS ) amounted to a loss of to EUR0 .06 .,negative
"Originally posted to the PCMag.com security blog , Security Watch .",neutral
Teleste and Sentry 360 have formed an integration partnership between Sentry s advanced 360-degree immersive camera product line and Teleste s enterprise video management systems .,positive
Gunneflo will be responsible of Oriola-KD 's Pharmaceutical Trade business in Sweden .,neutral
EuroChem CFO Andrey Ilyin said : `` This facility marks another important step for EuroChem in securing the long-term financing necessary for our potash and other strategic projects '' .,positive
Vianor sells tires for cars and trucks as well as a range of other car parts and provides maintenance services .,neutral
QPR ProcessGuide is available as a system solution with centralized storage and management of process content as well as a standalone desktop version ; QPR ProcessGuide Xpress .,neutral
"In Q1 of 2009 , the company 's result before taxes from continuing operations , excluding non-recurring items , totalled EUR -0.4 mn , compared to EUR -0.1 mn in the corresponding period in 2008 .",negative
"The group intends to relocate warehouse and office space in Loudeac and Saint Marcel to Morvillars , in the east of the country , where it already operates a hook manufacturing and distribution unit .",neutral
"According to Honka Japan 's Managing Director Marko Saarelainen , Honkarakenne exports about 200 ready made log houses to Japan a year .",neutral
"The copying , republication or redistribution of AFX News Content , including by framing or similar means , is expressly prohibited without the prior written consent of AFX News .",neutral
( The acquisition sum has not been disclosed . ),neutral
The changes in readership were not significant .,neutral
Unit costs for flight operations fell by 6.4 percent .,positive
"The port operator , however , favors retaining the port fees in 2010 , citing the owner , the governemtn of Estonia , commiting the port to pay EEK 400mn ( EUR 25.56 mn USD 36.44 mn ) in dividends to the state in 2009 and another EEK 300mn in 2010 .",neutral
Results are expected late in 2006 .,neutral
"The board machine , which will have a wire width of 6.25 m and a design speed of 900 m-min , will produce close to 1,400 tonnes of folding boxboard per day .",neutral
"Oka specialises in new construction , renovation work of residential and non-residential building as well as premises for industrial and logistical use .",neutral
The order was valued at USD12 .2 m.,neutral
"Finland-based Elcoteq SE , a privately held provider of electronics manufacturing services to communications companies , said Thursday it signed a long-term manufacturing supply deal with communications equipment company Andrew Corp. .",positive
EPS grew to 0.04 eur from 0.02 eur .,positive
"LKAB , headquartered in Lulea , Sweden , is a high-tech mining company producing upgraded iron ore products for the steel industry .",neutral
"U.S.-based T Corp. is in talks with Scandinavian telecoms company TeliaSonera to sell its stake in Uzbek cellular operator Coscom , an executive at Coscom told Interfax .",neutral
The ECB can mainly target inflation .,neutral
"Operating profit totaled EUR 5.5 mn , up from EUR -0.7 mn .",positive
EPS dropped to EUR0 .2 from EUR0 .3 .,negative
The diluted loss per share narrowed to EUR 0.27 from EUR 0.86 .,positive
The number of bodily injury cases quadrupled in 2000-2006 .,negative
"Making matters more difficult , the company said it has been grappling with higher oil and gas prices , which have pushed up the cost of energy , raw materials and transportation .",negative
"Ahlstrom , headquartered in Helsinki , Finland , is a global leader in the development , manufacture and marketing of high performance fibre-based materials .",neutral
"Net profit in the three months through March 31 fell to (  x20ac ) 103 million ( US$ 165 million ) from (  x20ac ) 131 million a year earlier , the Finnish company said .",negative
"According to preliminary data from Slovakia 's Statistics Office , goods worth E36 .4 million were imported from Finland between January and October 2010 , making up 0.1 percent of Slovakia 's total imports .",neutral
The rationalization of the operations seeks to achieve over EUR 1 million in yearly savings as from the second quarter of the current financial year .,positive
"Like all other mechanical pipettors from Biohit , also Proline Plus is CE-IVD marked and comes with a 3-year warranty .",neutral
"Lemminkainen Infra Oy 's subsidiary Lemminkainen Sverige AB will perform the construction work , which is expected to start in early 2011 and to be completed in the summer of 2013 .",neutral
The beers differ slightly from mainstream beers .,neutral
"POYRY PLC Additional information by : Heikki Malinen , President and CEO , Poyry PLC tel. +358 10 33 21307 Poyry is a global expert in consulting and engineering .",neutral
"According to Viking Line 's Managing Director , Nils-Erik Eklund , the company 's Board of Directors is very satisfied with Viking Line 's performance .",positive
"In the building and home improvement trade , sales decreased by 22.5 % to EUR 201.4 mn .",negative
"Operating profit totaled EUR 37,7 mn , up slightly from EUR 37.2 mn in the corresponding period in 2006 .",positive
"The contracts of the employees , 96 of whom are blue-collar workers , will be ended between March and August 2011 .",negative
Kalmar has been awarded a new 5-year contract to supply its Rough Terrain Container Handler RTCH .,positive
"Therefore , Phase III of the research will not be conducted by Abbott .",neutral
Operating profit rose to EUR 26.7 mn from EUR 14.9 mn in the corresponding period in 2006 .,positive
The company expects net sales of 65 mln euro ( $ 85.1 mln ) for 2006 .,neutral
"( ADP News ) - Dec 11 , 2008 - Finnish construction and engineering company Outotec Oyj ( OMX : OTE1V ) said today it won a EUR 28 million ( USD 36.8 m ) order to expand the phosphate concentrator in Siilinjarvi of Norwegian minera",positive
"The Tekla Structures 16 installation has been built according to Microsoft 's requirements for the Windows 7 certification , the Company added .",neutral
"In China , Finnish Kone that provides elevators , escalators , and solutions for modernisation and maintenance will build 342 escalators that will be installed in a high-speed railway section between Beijing and Shanghai in a 1.5 years ' time .",positive
The tower 's engineers have created an 18 degree westward lean - four times the inclination on the Leaning Tower of Pisa - using diagrid structures that are aligned geometrically using Tekla Structures BIM ( Building Information Modeling ) software .,neutral
Uponor improved its performance in spite of the decrease in residential construction in the US .,positive
Margin call of Zanadvorov has given the chance to make such purchase under the credit of Deutsche Bank for USD 560 million .,neutral
Finnish glass technology company Glaston Oyj Abp net profit decreased to 2.6 mln euro ( $ 3.8 mln ) for the first nine months of 2007 from 7.8 mln euro ( $ 11.4 mln ) for the same period of 2006 .,negative
"Operating result , excluding one-off items , totaled EUR 9.1 mn compared to EUR 10.6 mn in continuing operations , excluding one-off items in 2004 .",negative
"Re-use back into PET bottles has also steadily increased and the rate of use in strapping tape has picked up again after a dip in 2005 , Petcore said previously .",positive
"Based on the design of previous handsets , the Nokia E72 and Nokia E63 this Symbian-based model is promised to offer direct access to over 90 per cent of the world s corporate email through Mail for Exchange and IBM Lotus Notes Traveler .",neutral
"Therefore , the company 's 2005 result will remain weaker than that of 2004 .",negative
"Before Kemira 's installation NordAlu was producing 3,500 tons of liquid and solid aluminum waste per year .",neutral
Coffee will be served starting at 14:30 EET as well as after the event .,neutral
"Mformation and Nokia noted they have established interoperability agreements that cover commercially proven , standards-based management of mobile devices , as well as mobile device security and mobile application management .",positive
"Once your plants are in the ground they will continue to grow , but the success of any garden lies in how well it 's maintained .",neutral
"Our customers include companies in the energy and process industry sectors , in particular .",neutral
"Paper companies were in negative territories , with Stora Enso R shedding 1.62 pct to 12.73 eur , UPM-Kymmene down 0.80 pct at 18.64 eur and M-real B 0.18 pct lower at 5.57 eur .",negative
Comparable operating profit decreased to EUR 13.8 mn from EUR 17.1 mn in the corresponding period in 2005 .,negative
"Finnish plumbing and heating systems supplier Uponor 's net sales in continuing business operations decreased to EUR 249.1 mn in July-September 2008 , compared to EUR 262.1 mn in the third quarter of 2007 .",negative
"In January-September 2007 , the group 's net sales from continuing operations rose to EUR 213.1 mn from EUR 172.6 mn in the corresponding period in 2006 .",positive
The Oulu plant employs approximately 120 people .,neutral
`` The new unit is a major investment in the Finnish media scene .,neutral
"According shipping company Viking Line , the EU decision will have a significant financial impact .",neutral
Delivery is due in the second half of 2011 .,neutral
"Previously , Grimaldi held a 46.43 pct stake in the Finnish company following the takeover bid launched in November 2006 .",neutral
Her work at NetApp included strategically repositioning the brand in the category and a major global relaunch .,neutral
To raise consumer awareness and encourage people to recycle their old mobile devices Nokia runs regular recycling campaigns around the world .,neutral
Amanda Capital has investments in 22 private equity funds and in over 200 unquoted companies mainly in Europe .,neutral
The turbines are expected to be launched by the end of 2012 .,neutral
"ADPnews - Feb 5 , 2010 - Finnish real estate investor Sponda Oyj HEL : SDA1V said today that it slipped to a net loss of EUR 81.5 million USD 11.8 m in 2009 from a profit of EUR 29.3 million in 2008 .",negative
"www.countryelements.co.uk Designed by Patricia Burt , this is just one of a selection of distinctive hooked rugs created with recycled materials and dyed natural dyes .",neutral
"The portfolio comprises of 118,000 m2 of leasable space with a vacancy rate of roughly 5 % , let to around 140 tenants of which two of the largest are the Swedish government and Ericsson .",neutral
"The EBRD is using its own funds to provide a 21.6 million A loan while the B portion of 10 million Euros has been syndicated to two Finnish commercial banks , Nordea Bank Finland Plc and Pohjola Bank Plc. .",neutral
"ALEXANDRIA , Va. , Oct. 6 -- United States Patent no. 7,804,288 , issued on Sept. 28 , was assigned to Vacon Oyj ( Vaasa , Finland ) .",neutral
"`` I am very pleased and proud of our performance last year , '' Chief Executive Juha Rantanen said in a statement .",positive
"The pulp production in Finnish Kemij+ñrvi will also be liquidated and about 1,100 employees loose their jobs .",negative
"`` The margarine business has been put into good shape in the last two years , making it a natural addition to Bunge , which is looking to leverage its position in the Central and Northern European markets , '' Raisio CEO Matti Rihko said in a statement .",positive
"Finnish GeoSentric 's net sales decreased to EUR 939,000 in January-March 2009 .",negative
"The hosting mobile terminal guides information flow between itself , the participating terminals , and optionally , with network servers that may assist the hosting mobile terminal .",neutral
Pentik+ñinen emphasises that the most of the internet contents media houses provide can not be free forever .,neutral
Sales increased due to growing market rates and increased operations .,positive
"Revenue from July to September grew 21 percent to EURO 2.3 billion , the Finnish company said Thursday .",positive
"Turnover surged to EUR61 .8 m from EUR47 .6 m due to increasing service demand , especially in the third quarter , and the overall growth of its business .",positive
"Pre-tax profit totaled EUR 397.4 mn , up from EUR 164.7 mn .",positive
23 April 2010 - Finnish construction and engineering company Outotec Oyj HEL : OTE1V said today it slipped to a net loss of EUR7 .3 m in the first quarter of 2010 from a net profit of EUR12 .5 m in the corresponding period last year .,negative
"Under the rental agreement , Stockmann was committed to invest in the building of a bridge over the Gogol Street or build an underground tunnel for crossing the street by 2004 .",neutral
"You need to be ready when the window opens up , Rosberg said .",neutral
"Jan. 6 -- Ford is struggling in the face of slowing truck and SUV sales and a surfeit of up-to-date , gotta-have cars .",negative
"Tekla provides 3D software for building and infrastructure engineering , with a focus on building information modelling of steel and concrete structures from design to construction .",neutral
Quality chargers under CHARGZ brand are sold in selected retail stores and other sales locations world-wide .,neutral
"In Sweden , Gallerix accumulated SEK denominated sales were down 1 % and EUR denominated sales were up 11 % .",neutral
However short-term rentals are becoming more popular .,neutral
"The equipment Ixonos acquires with this deal includes mechanical engineering hardware ; an RF and antenna measurement laboratory ; facilities for the measurement of audio , cameras and displays ; as well as devices and robot units for the testing of mobile devices .",neutral
"Swedish engineering consultant firm Etteplan is to establish a unit in town Borl+ñnge , by the turn of the month March-April 2008 .",neutral
credit 20 November 2009 - Finnish glass technology company Glaston Oyj Abp ( HEL : GLA1V ) said today it concluded a EUR74m revolving credit facility agreement with its core banks .,positive
The company will propose a dividend of EUR0 .12 per share for 2008 .,neutral
Kone shares dropped 4.1 percent to  x20ac 43 US$ 55.77 in Helsinki .,negative
The availability of the Internet services is highlighted in the service offer of Kesko 's K-Group stores .,neutral
"The first four of the new shop-in-shops will be opened this spring : on Madison Avenue in New York as well as in Chicago , Los Angeles and San Francisco .",neutral
"ALEXANDRIA , Va. , Oct. 15 -- Aaron Moss of Hampshire , Great Britain , has developed an ornamental design for a handset , the U.S. Patent & Trademark Office announced .",neutral
Upon completion of the sale Proha would get some USD12 .7 m for its stake in Artemis .,neutral
The share of the share capital of both above mentioned shareholders remains below 5 % .,neutral
"Kaleva Kustannus Oy ( business ID 0187274-0 ) has , according to its notice , on 10 August 2009 acquired 4,458,000 Alma Media shares .",neutral
No changes regarding the Virala Oy Ab s ownership of shares of Tiimari has taken place .,neutral
"Elite Residence Tower , a new development by Tameer , is located at the heart of Dubai Marina .",neutral
"The contractor of the shopping center , China State Construction Engineering Corporation , has previously built e.g. airports , hotels and factories for large international customers in different parts of the world .",neutral
"When this information was released on 5 September 2008 , Nokia 's American Depositary shares fell by 8 % .",negative
"The subject of the project is provide to the company like : Software programming and consultancy services , Computer-related services , Data services , Computer support and consultancy services , Internet services etc. .",neutral
A meeting of Glisten shareholders to vote on the bid will be held on 12 March .,neutral
"9 September 2010 - Finnish stationery and gift retailer Tiimari HEL : TII1V said today its net sales rose by 2 % year-on-year to EUR5 .7 m in August 2010 , driven by growth in Finland , while demand in the Baltics remained weak .",positive
The group 's 12-month operating profit grew 31 percent to 337.8 million euros .,positive
"Profit per share was EUR 1.03 , up from EUR 0.87 .",positive
Analysts surveyed by Thomson Financial expected revenue of $ 69 million for the quarter .,neutral
The agreement must be approved by the Russian competition authorities before it enters into force .,neutral
The deal includes an option for Cramo to buy out the minority stake in 2011 .,neutral
The new B shares carry the right to dividend and other shareholder rights with effect from today .,neutral
"In 2006 the company 's net sales amounted to approximately EUR259m and it has some 8,000 employees .",neutral
The shares shall be acquired according to the Rules of NASDAQ OMX Helsinki and otherwise according to the rules related to acquisition of the company 's own shares .,neutral
"The price of the 10,000 kroon par value bonds was 9663,51 kroons in the primary issue .",neutral
Almost two thirds of Olvi 's net sales come from outside Finland .,neutral
"` We respect their decision ... the discussions are now closed , ' said Kai Telanne , Alma Media 's CEO .",neutral
The duration of the contract is 37 months .,neutral
"After piloting , the instrument will be further developed according to the experiences gained .",neutral
"In 2007 , Huhtamaki will continue to invest in organic growth .",neutral
"Proha Plc ( Euronext :7327 ) announced today ( 19 May ) that its fully-owned subsidiary , Safran Software Solutions AS , has agreed to sell its 49 % share of Safran North America LLC to a SNA Holding AS , an investment group based in Norway .",neutral
The objective of the St. Petersburg office is first to boost the Company 's maintenance business .,neutral
"Deliveries of Nokia 1112 , Nokia 2310 and Nokia 2610 are expected to start in the second quarter of 2006 .",neutral
"`` We are delighted to welcome Elisa to our Board of Directors , '' said Garry McGuire , CEO of RMG Networks .",positive
"International sales rose by 59.8 % to EUR 1,244.4 mn .",positive
"Exel 's board of directors will propose a dividend of 0.2 euro $ 0.3 per share for 2006 at the annual general meeting on April 19 , 2007 .",neutral
"The final price will be specified by 14 May 2010 , the acquiring company said .",neutral
The terms of the transactions remained undisclosed .,neutral
Net sales grew in the period to  x20ac 402 million $ 585US million from  x20ac 401 million in 2006 .,positive
8 May 2009 - Finnish liquid handling products and diagnostic test systems maker Biohit Oyj ( HEL : BIOBV ) said today ( 8 May 2009 ) its net loss narrowed to EUR0 .1 m ( USD0 .14 m ) for the first quarter of 2009 from EUR0 .4 m for the same period of 2008 .,positive
"Comparable operating profit for the quarter decreased from EUR510m while sales increased from EUR860m , as compared to the third quarter 2007 .",negative
The issuer is solely responsible for the content of this announcement .,neutral
"Unbelievably , the company that makes them - Fiskars Corporation - was formed in 1649 when a Dutch merchant named Peter Thorwoste was given a charter to establish a blast furnace and forging operation in the small Finnish village of Fiskars .",neutral
"The total size of the complex is around 25,000 m2 and the project will be constructed in stages .",neutral
"Jarmo Honkamaa , head of the oil refining business at Neste Oil , says the situation looks promising from their viewpoint .",positive
"Niina Nenonen , Marimekko 's current director for clothing , bags and accessories lines , will take up this role .",neutral
Suomen Paikallissanomat Oy is part of Alma Media Group and it currently publishes 15 local newspapers across Finland .,neutral
The presentation material can be viewed on the company 's website in English after the conference .,neutral
"The most interesting export markets will be Russia , the Baltic countries and Scandinavia .",neutral
"The report profiles 158 companies including many key and niche players including major Nonwovens manufacturers such as Ahlstrom Corporation , Asahi Kasei Corporation , Buckeye Technologies , Inc. , EI .",neutral
Alma Media expects its net sales to increase as forecast previously .,positive
The company is studying the feasibility of focusing most of its processed meat production in the Vantaa facilities and the processing of fresh meat in the Forssa facilities .,neutral
"The Group , with net sales of EUR 235 million in 2009 , employs more than 2 000 people in 33 countries .",neutral
Operating profit fell to EUR 38.1 mn from EUR 55.3 mn in 2007 .,negative
The company said that its comparable operating profit for the January-June period fell short of last year 's corresponding performance .,negative
"This implementation is very important to the operator , since it is about to launch its Fixed-to-Mobile convergence service in Brazil see Brazil : 8 May 2006 : .",neutral
"BasWare is headquartered in Espoo , Finland .",neutral
"Frost sold shares for $ 19 million at $ 6.06-7 .12 per share , compared with Friday 's high of $ 11.33 and low of $ 10.14 .",negative
"mn , and pretax profit to EUR 46.4 mn from EUR 35.8 mn in the third quarter of 2006 .",positive
"At the same time profit of the company increased by 10 % in H1 and reached Ls 79,000 .",positive
"Operating profit of operations in Finland in the period under review totaled EUR 11.3 mn , remaining at the 2005 level .",neutral
"Tyrvaan Sanomat , published twice a week by Tyrvaan Sanomat Oy , appears in Sastamala and Kiikoinen .",neutral
"`` The implementation of these programs has had , and will have , negative impacts on 2006 and 2007 earnings , '' Mr Meiklejohn said .",negative
"Nokia said it still expects to sell 150 more million Symbian devices in years to come , giving an indication of how it expects the Phone 7 handoff to work .",neutral
This solution is an extension to the existing online mediation solution delivered earlier by Comptel and IBM .,neutral
"Turun kaupunkin , Finland based company has awarded contract to Lemminkainen Talotekniikka Oy for electrical installation work .",positive
It is also 7.7 pct above the 12-month volume weighted average price of the stock .,positive
"Finnish silicon wafer technology company Okmetic Oyj ( OMX Helsinki : OKM1V ) reported on Thursday ( 7 August ) an operating profit of EUR5 .3 m for the period January-June 2008 , up from EUR3 .3 m in the corresponding period in 2007 .",positive
"The broker started UPM-Kymmene , Stora Enso and Sappi with ` equal-weight ' recommendations and Holmen and Norske Skog with ` underweight ' ratings .",neutral
Choose from a Giant Countdown with red head or rainbow trout -- or the Giant Shad Rap in perch color .,neutral
"Last month , Outokumpu sold more than 80 percent of its technology unit , Outokumpu Technology Oyj , to further its strategic goal of becoming the world 's largest stainless steel maker .",positive
Affecto has participated in the program for the development of the Norwegian pension system since 2007 .,neutral
"The agreement will provide The Switch with double the converter capacity , whilst opening up further manufacturing locations in China .",positive
The identity of the buyer is not yet known .,neutral
"VDW combined with LXE devices enhances productivity , enabling workers to use a single device to perform voice , scanning and keyboard functions .",positive
"( ADP News ) - Feb 12 , 2009 - Finnish IT solutions provider Affecto Oyj ( HEL : AFE1V ) said today its net profit rose to EUR 8.5 million ( USD 11m ) in 2008 from EUR 7 million in 2007 .",positive
The company 's board of directors would propose a dividend of EUR0 .15 per share for 2005 .,neutral
"Finnish telecoms software developer Tecnomen Oyj said on December 5 , 2006 it won a $ 3.3 mln ( 2.5 mln euro ) order to supply an expansion of the charging and messaging systems for the mobile and fixed networks of Brasil Telecom .",positive
"The contracts awarded to date , in connection with the system , amount to a total EUR 36 million .",neutral
"Operating profit totalled EUR 21.1 mn , up from EUR 18.6 mn in 2007 , representing 9.7 % of net sales .",positive
"After the reporting period , BioTie North American licensing partner Somaxon Pharmaceuticals announced positive results with nalmefene in a pilot Phase 2 clinical trial for smoking cessation .",positive
"At the end of the review period , Nordic Aluminium 's order book stood at EUR 8.77 mn compared to EUR 7.04 in 2005 .",positive
"The acquisition does not have to be from the frozen foods or fish sector , as long as it has synergies with L+ñnnen Tehtaat 's other businesses .",neutral
Profit of the accounting period was EUR 0.3 mn .,neutral
"The platen edges in contact with the band are provided with a seal having a protrusion directed towards the middle area of the platen , and means are provided to exert and maintain a pressure in the volume defined by the platen , the band and the seal . ''",neutral
"The building complex consists of high-quality office and retail space totalling 49,200 square metres , the company said .",neutral
The order was worth EUR 8mn .,neutral
"According to Gran , the company has no plans to move all production to Russia , although that is where the company is growing .",neutral
This corresponds to 6.81 percent of Okmetic 's share capital and voting rights .,neutral
The serial bond is part of the plan to refinance the short-term credit facility .,neutral
"In April 2005 , Neste separated from its parent company , Finnish energy company Fortum , and became listed on the Helsinki Stock Exchange .",neutral
With this acquisition Panostaja Oyj further expands its business area specialising in digital printing .,positive
Customers in a wide range of industries use our stainless steel and services worldwide .,neutral
A 2001 agreement expired earlier this month .,neutral
"Incap Contract Manufacturing Services Pvt Ltd , a subsidiary of Incap Corporation of Finland , plans to double its revenues by 2007-2008 .",positive
"`` This contract demonstrates our ability to apply our minerals and metals technologies in adjacent industries , such as oil shale processing .",positive
"The plant will be fired with a combination of spruce bark , chipped logging residues or milled peat .",neutral
"Kesko has about 2,000 stores engaged in chain operations in the Nordic and Baltic countries , Russia , and Belarus .",neutral
"As of July 2 , 2007 , the market cap segments will be updated according to the average price in May 2007 .",neutral
The value of the deal is estimated at between SEK25m and SEK50m .,neutral
Financial terms were not disclosed .,neutral
Why not subscribe to the magazine ?,neutral
"Having a China based operation will not only enable us to fully leverage our resources and expertise in wireless solutions , but also strengthen our capability to offer industry-leading products for our customers in China . ''",positive
"The works will include the laying of natural stone pavements and the installation of underground heating , and surface water drainage systems .",neutral
in Q1 2010 18 May 2010 - Finnish electrical components maker Salcomp Oy ( HEL : SAL1V ) said today it turned to a net profit of EUR1 .6 m in the first quarter of 2010 versus a loss of EUR2m in the corresponding period last year .,positive
"Kalnapilio-Tauro Grupe ( Kalnapilis-Tauras Group ) , which is owned by Denmark 's Royal Unibrew , raised its market share to 25.2 percent from 23.91 percent , as beer sales for the nine months jumped by 11.4 percent to 52.99 million liters .",positive
"It is a member of the OneWorld alliance , which includes American Airlines and British Airways .",neutral
"It is being developed by Symbian , the software licensing consortium led by Nokia .",neutral
"In the fourth quarter of 2008 , net sales decreased to EUR 121.4 mn from EUR 165.5 mn in the fourth quarter of 2007 .",negative
"HELSINKI ( AFX ) - Retail and wholesale group Kesko reported net sales of 659.4 mln eur for February , an increase of 10.8 pct year-on-year .",positive
"So far the company has awarded more than $ 350,000 worth of tools and materials .",neutral
Currently Alfred A Palmberg is putting the finishing touches to one of Finland 's biggest ever re-plumbing and bathroom refurbishment projects also in the district of Vuosaari .,neutral
"At 10.33 am , Huhtamaki was the market 's biggest faller , 8.69 pct lower at 11.35 eur , while the OMX Helsinki 25 was 0.32 pct higher at 3,332.41 , and the OMX Helsinki was up 0.47 pct at 11,687.32 .",negative
"Finnish drug distributor and wholesaler Oriola-KD Oyj said on October 11 , 2006 it named Anne Kariniemi vice president of its Logistics and Sourcing department as of January 15 , 2007 .",neutral
The new location is n't the only change Wellmont has in store for its air transport service .,neutral
"The shares subscribed for under the stock options were registered in the Trade Register on 20 January 2011 , as of which date the new shares will establish shareholder rights .",neutral
"CapMan 's first real estate fund , which had a total investment capacity of ( EURO ) 500 million and closed in June 2005 , invested in commercial properties in the Helsinki metropolitan area .",neutral
The deal is subject to approval by the Norwegian competition authorities .,neutral
Finnish aluminium products manufacturer Nordic Aluminium Plc ( OMX Helsinki : NOA1V ) reported on Monday ( 18 August ) an operating profit of EUR7 .9 m on net sales of EUR55 .2 m for the period January-June 2008 .,neutral
Dragonfly Love is another video shot from start to finish using the Nokia N8 .,neutral
"The Russian gas giant invested another 46 million litas in the company in late 2004 and now owns 99.5 percent of its stock capital , which amounts to 86.936 million litas .",neutral
"Operating profits in the half were  0.8 m , down from  0.9 m as Glisten invested in the brand and the management team .",negative
"The company will disclose further details , including the anticipated transaction timetable and the name of the new investor , within one week .",neutral
"Jensen , Njastein and Mike Critch , the head of Dovre North America business unit , will report to Toivola .",neutral
The solid fuel is heated before sludge is mixed therein . '',neutral
"The record date for dividend distribution is March 14 , 2008 .",neutral
"Both operating profit and turnover for the six-month period increased , respectively , from EUR17 .6 m and EUR1149 .9 m , as compared to the corresponding period in 2007 .",positive
Finland 's dominating rail company VR is planning to set the infected passengers for long-distance trip in a separate carriage .,neutral
"UPM-Kymmene Corp. , the world 's largest maker of magazine paper , on Tuesday reported a 19-percent profit drop as lower paper prices , higher costs and a strong euro hurt revenue .",negative
Both Mr Walden and Mr Ignatius will be responsible also for the newspapers ' business result .,neutral
"Established in 1989 , CapMan manages Nordic buyout , mezzanine , technology , life science and real estate funds with approximately EURO 3 billion $ 4 billion in total capital .",neutral
"The move will be carried out by transferring HKScan 's production-related property , plant , equipment , as well as its holdings in subsidiaries and associate companies in the country to HKScan Finland .",neutral
"Poyry 's contract includes engineering management , civil and detail engineering services , and time scheduling and procurement services .",neutral
"Initial estimated total value of the contract was 250 000 Euros , excluding VAT .",neutral
The company continued the development of a fully human antibody in its VAP-1 antibody program .,neutral
"Operating profit totalled EUR 83.0 mn , up from EUR 23.5 mn year-on-year .",positive
HELSINKI AFX - Outokumpu said its technology unit has won a 28 mln eur contract from Bosnia-Herzegovina 's Aluminij dd Mostar to upgrade an anode plant .,positive
"The 19,200-square metre technology center is located near University of Tampere in central Tampere .",neutral
"The 2500-passenger ferry will have dimensions of 185 m length overall , 170 m length between perpendiculars , 27.70 m breadth and 6.55 m design draught .",neutral
Among the biggest Christmas sellers were a  35 satin bow shift dress styled on outfits worn by Victoria Beckham and a  75 Paris Hilton Prom dress .,neutral
"Construction work on the Helsinki Music Centre is to start this autumn , with the total cost of the project estimated at 140 million euros .",neutral
"Dealers said the share was largely hit by investor disappointment about a refining margin of just 9.48 usd per barrel for the quarter and the performance of its shipping unit , which saw EBIT drop to 5 mln eur from 20 mln eur a year amid a fall in volumes and tanker rates .",negative
Pharmaceuticals - Poland This brand-new market analysis gives a clear overview of the actual situation and future outlook of the pharmaceutical market in Poland .,neutral
"BasWare Invoice Processing , BasWare Contract Matching , BasWare Order Matching and BasWare KPI Reporting Tool are part of the BasWare 's Enterprise Purchase to Pay product suite .",neutral
"The 50-50 joint venture , to be called Nokia Siemens Networks , will be comprised of Nokia 's network business group and Siemens ' carrier-related operations , creating estimated synergies of 1.5 billion euros ( $ 1.9 billion ) by 2010 , Nokia said .",positive
"Ragutis , controlled by the Finnish brewery Olvi , achieved a 5.7 percent rise in beer sales to 22.6 million liters and held a 10.75 percent market share .",positive
"In the building and home improvement trade , net sales totalled EUR 1,173 mn , down from EUR 1,566 mn a year earlier .",negative
An earn-out payment of up to 4.0 mln euro ( $ 5.3 mln ) can also be paid depending on Intellibis financial performance in 2007 .,neutral
"Componenta has production lines for similar-sized products at Karkkila in Finland , at Weert in the Netherlands and at Orhangazi in Turkey , and these had a combined output of approximately 100,000 tonnes and net sales of EUR 135 million in 2007 .",neutral
SCANIA Morgan Stanley lifted the share target on Swedish heavy-duty truck and bus maker Scania AB to 330 crowns ( $ 42.4 - 35.2 euro ) from 310 crowns ( $ 39.8 - 33.1 euro ) .,positive
"According to Finnish Metso Minerals , the value of the company 's orders has gone up to EUR 1.9 bn in 12 months .",positive
"Rory Fitzgerald , general manager , operations , Bristol Port , said : `` With the use of low maintenance technology we can save up to 30 per cent on servicing , plus the load sensing hydraulics can save us an extra 15 to 30 per cent on fuel consumption . ''",positive
"Operating loss was EUR 179mn , compared to a loss of EUR 188mn in the second quarter of 2009 .",positive
"Thus the group 's balance sheet will have about EUR 25.8 million of goodwill , the company added .",neutral
"Aspocomp said it will spin off its Chinese and Indian units , and some equipment from its Salo plant in Finland , into a newly-formed unit , most of which it will then sell on to Hong Kong-listed Meadville .",neutral
"Together with Latvia , Cramo will operate 54 rental outlets in the Baltic States .",neutral
The price of GMO soy is 5 % -7 % lower than that of non-GMO .,neutral
The passenger tunnel is expected to be put into operation in 2009 .,neutral
Travel expenses would be reimbursed in accordance with the travel policy of the company .,neutral
"Previously , EB delivered a custom solution for LG Electronics and now is making it commercially available for other mobile terminal vendors as well as to wireless operators .",positive
Operating profit rose to EUR 103.4 mn from EUR 23.2 in the corresponding period in 2006 .,positive
An Apple spokeswoman said the company declined to comment .,neutral
"`` This is a significant milestone for Benefon , helping us to secure critical USP 's for our personal navigation product roadmap for 2007 and beyond , '' commented Simon Button , Chief Technology Officer at Benefon .",positive
"( ADP News ) - Feb 6 , 2009 - Finnish fishing tackle company Rapala VMC Corp ( HEL : RAP1V ) said today its net profit rose to EUR 19.2 million ( USD 24.6 m ) for 2008 from EUR 17.5 million for 2007 .",positive
He is resting comfortably and is looking forward to getting back to work . '',neutral
"GS Engineering will install the valves at a liquefied natural gas LNG plant it has built for UAE LNG extraction and gas plants operator GASCO in Ruwais , UAE .",neutral
Finnish beverage company Olvi is one of the last listed companies in Finland that has not yet published its financial result for the second quarter of 2009 .,neutral
"Kesko Agro Eesti , the retailer and wholesaler of grain , agricultural and warehousing machinery and accessories , had net sales of 81 million euros in 2007 , an increase by one-tenth over the preceding year .",positive
"If Honkarakenne starts production there , it will need a partner for sawmill operations .",neutral
"`` BasWare 's product sales grew strongly in the financial period , by 24 percent .",positive
"Swedish , Finnish and Danish listed companies are organized in three market cap segments , Nordic Large Cap , Mid Cap and Small Cap .",neutral
- Provides summary of the medical equipment pipeline products that the company is developing .,neutral
"Operating profit decreased to nearly EUR 1.7 mn , however .",negative
The fair value of the company 's investment properties went down to EUR 2.768 billion at the end of 2009 from EUR 2.916 billion a year earlier .,negative
Finnish operator Elisa and Aker Yards have signed a long-term service deal through which Elisa will deliver all necessary voice and data services for Aker Yards in Finland .,positive
"According to Finnish Scanfil 's founder and chairman of the board , Jorma J. Takanen , the company has to look for growth abroad .",neutral
Aktia forecasts Finland 's inflation at 1.1 % in 2010 .,neutral
"The maximum obligated total trades per day is ISK 400,000,000 market value .",neutral
"In the fourth quarter of 2009 , Orion 's net profit went up by 33.8 % year-on-year to EUR33m .",positive
Okmetic Board of Directors has also decided on a new share ownership program directed to the company 's top management .,neutral
"TietoEnator was down 1.13 pct to 18.38 , extending recent lows after last week 's second-quarter report , dealers said .",negative
"Shares of Standard Chartered ( STAN ) rose 1.2 % in the FTSE 100 , while Royal Bank of Scotland ( RBS ) shares rose 2 % and Barclays shares ( BARC ) ( BCS ) were up 1.7 % .",positive
The transaction is expected to be completed next spring .,neutral
"Favourable currency rates also contributed to higher net sales , '' CEO Kari Kauniskangas said .",positive
News Corp. 's MySpace.com Web site will display submissions for the expanded Broadband Emmy Awards as part of an effort to identify aspiring video artists .,neutral
Financial details were n't disclosed .,neutral
"Nordic banks have already had to write off sizable loans in Latvia , with Swedbank , Nordea , DnB NOR and SEB reporting combined losses in excess of $ 1.35 billion in the period 2007 to 2010 against a backdrop of near economic meltdown in Latvia .",negative
Pretax profit decreased by 37 % to EUR 193.1 mn from EUR 305.6 mn .,negative
"The contract covers the supply of temporary heating equipment for LKAB 's new pellet plant in Kiruna , in northern Sweden .",neutral
